[
  {
    "race": "Gulf Air Bahrain Grand Prix",
    "circuit": "Bahrain International Circuit",
    "location": "Manama",
	"country" : "Bahrain",
	"countryCode" : "BH",
	"results":[44,33,77,4,11,16,3,55,22,18],
    "saved":false 
  },
  {
    "race": "Pirelli Gran Premio del Made in Italy e dell'Emilia Romagna",
    "circuit": "Autodromo Enzo e Dino Ferrari",
    "location": "Imola",
	"country" : "Italia",
	"countryCode" : "IT",
	"results":[33,44,4,16,55,3,10,18,31,14],
    "saved":false 
  },
  {
    "race": "Heineken Grande Prémio de Portugal",
    "circuit": "Autódromo Internacional do Algarve",
    "location": "Portimão",
	"country" : "Portogallo",
	"countryCode" : "PT",
	"results":[44,33,77,11,4,16,31,14,3,10],
    "saved":false 
  },
  {
    "race": "Aramco Gran Premio de España",
    "circuit": "Circuit de Barcelona-Catalunya",
    "location": "Montmeló",
	"country" : "Spagna",
	"countryCode" : "ES",
	"results":[44,33,77,16,11,3,55,4,31,10],
    "saved":false 
  },
  {
    "race": "Grand Prix de Monaco",
    "circuit": "Circuit de Monaco",
    "location": "Monaco",
	"country" : "Principato di Monaco",
	"countryCode" : "MC",
	"results":[33,55,4,11,5,10,44,18,31,99],
    "saved":false 
  },
  {
    "race": "Azerbaijan Grand Prix",
    "circuit": "Baku City Circuit",
    "location": "Baku",
	"country" : "Azerbaijan",
	"countryCode" : "AZ",
	"results":[11,5,10,16,4,14,22,55,3,7],
    "saved":false
  },
  {
    "race": "Emirates Grand Prix de France",
    "circuit": "Circuit Paul Ricard",
    "location": "Le Castellet",
	"country" : "Emirati Arabi",
	"countryCode" : "AE"
  },
  {
    "race": "BWT Großer Preis von Österreich",
    "circuit": "Red Bull Ring",
    "location": "Spielberg",
	"country" : "Austria",
	"countryCode" : "AT"
  },
  {
    "race": "Pirelli British Grand Prix",
    "circuit": "Silverstone Circuit",
    "location": "Silverstone",
	"country" : "Regno Unito",
	"countryCode" : "GB"
  },
  {
    "race": "Rolex Magyar Nagydíj",
    "circuit": "Hungaroring",
    "location": "Mogyoród",
	"country" : "Ungheria",
	"countryCode" : "HU"
  },
  {
    "race": "Rolex Belgian Grand Prix",
    "circuit": "Circuit de Spa-Francorchamps",
    "location": "Stavelot",
	"country" : "Belgio",
	"countryCode" : "BE"
  },
  {
    "race": "Heineken Dutch Grand Prix",
    "circuit": "Circuit Zandvoort",
    "location": "Zandvoort",
	"country" : "Olanda",
	"countryCode" : "NL"
  },
  {
    "race": "Heineken Gran Premio d'Italia",
    "circuit": "Autodromo nazionale di Monza",
    "location": "Monza",
	"country" : "Italia",
	"countryCode" : "IT"
  },
  {
    "race": "VTB Russian Grand Prix[24]",
    "circuit": "Sochi Autodrom",
    "location": "Soči",
	"country" : "Russia",
	"countryCode" : "RU"
  },
  {
    "race": "Rolex Turkish Grand Prix",
    "circuit": "Istanbul International Circuit",
    "location": "Tuzla",
	"country" : "Turchia",
	"countryCode" : "TR"
  },
  {
    "race": "Aramco United States Grand Prix",
    "circuit": "Circuit of the Americas",
    "location": "Austin",
	"country" : "USA",
	"countryCode" : "US"
  },
  {
    "race": "Gran Premio de la Ciudad de México",
    "circuit": "Autodromo Hermanos Rodríguez",
    "location": "Città del Messico",
	"country" : "Messico",
	"countryCode" : "MX"
  },
  {
    "race": "Heineken Grande Prêmio de São Paulo",
    "circuit": "Autódromo José Carlos Pace",
    "location": "San Paolo",
	"country" : "Brasile",
	"countryCode" : "BR"
  },
  {
    "race": "Ooredoo Qatar Grand Prix",
    "circuit": "Lusail International Circuit",
    "location": "Doha",
	"country" : "Qatar",
	"countryCode" : "QA"
  },
  {
    "race": "STC Saudi Arabian Grand Prix",
    "circuit": "Jeddah Corniche Circuit",
    "location": "Gedda",
	"country" : "Arabia Saudita",
	"countryCode" : "SA"
  }
]
